word,df_in_game,df_other,log_ratio,作成日
モンスター,33,31,4.057,2026-10-01
攻撃,157,296,3.363,2026-10-01
戦士,64,227,2.735,2026-10-01
能力,21,95,2.505,2026-10-01
ドラゴン,44,209,2.447,2026-10-01
悪魔,28,135,2.437,2026-10-01
事,40,197,2.411,2026-10-01
機械,20,151,1.996,2026-10-01
高い,32,267,1.888,2026-10-01
相手,51,451,1.825,2026-10-01
持つ,76,777,1.677,2026-10-01
闇,25,313,1.487,2026-10-01
姿,31,440,1.358,2026-10-01
海,22,329,1.312,2026-10-01
体,38,586,1.272,2026-10-01
魔法,20,316,1.259,2026-10-01
身,22,352,1.244,2026-10-01
強い,30,498,1.202,2026-10-01
敵,36,693,1.051,2026-10-01
炎,27,532,1.032,2026-10-01
