phrase,flavors,作成日
落とせし雫が一,14,2026-10-01
龍樹の落とせし雫,14,2026-10-01
の落とせし雫が,14,2026-10-01
し雫が一粒,14,2026-10-01
訳にはいかない,9,2026-10-01
郷義弘が作刀名物,7,2026-10-01
とでも思った,6,2026-10-01
を待っていた,5,2026-10-01
と言われている,5,2026-10-01
は何度でも,5,2026-10-01
はさせません,4,2026-10-01
までもこれからも,4,2026-10-01
好きにはさせ,4,2026-10-01
などありはしない,4,2026-10-01
たとしても,4,2026-10-01
価値を知っている,4,2026-10-01
わけにはいかない,4,2026-10-01
が来たのだ,4,2026-10-01
目に焼き付けて,4,2026-10-01
右に出る者は,4,2026-10-01
の右に出る者,4,2026-10-01
出る者はいない,4,2026-10-01
に出る者はい,4,2026-10-01
邪魔はさせない,4,2026-10-01
よろしくお願いします,4,2026-10-01
無駄にはしない,4,2026-10-01
何もかもを,3,2026-10-01
時を超えて貴方,3,2026-10-01
力を貸してくれ,3,2026-10-01
無限の可能性が,3,2026-10-01
に必要なのは,3,2026-10-01
にしないとね,3,2026-10-01
ていたんだ,3,2026-10-01
待っていたん,3,2026-10-01
んとする者に,3,2026-10-01
まで何度でも,3,2026-10-01
に力を貸して,3,2026-10-01
とされている,3,2026-10-01
大切なものを守る,3,2026-10-01
ならやってみな,3,2026-10-01
の価値を知って,3,2026-10-01
にはいかないん,3,2026-10-01
はいかないんだ,3,2026-10-01
てくれたんだ,3,2026-10-01
はさせないよ,3,2026-10-01
が込められている,3,2026-10-01
してみました,3,2026-10-01
怪我をするのは,3,2026-10-01
へと続く道を,3,2026-10-01
としてでも,3,2026-10-01
何としてで,3,2026-10-01
となって敵を,3,2026-10-01
敵にも味方に,3,2026-10-01
にも味方にも,3,2026-10-01
それは歪んだ記憶,3,2026-10-01
は歪んだ記憶の,3,2026-10-01
歪んだ記憶の影,3,2026-10-01
でも思ったか,3,2026-10-01
へと至る道を,3,2026-10-01
騎士は天上に仕える,3,2026-10-01
でも思ったの,3,2026-10-01
あっという間に,3,2026-10-01
とはそういうもの,3,2026-10-01
はそういうものだ,3,2026-10-01
ないようにしない,3,2026-10-01
ようにしないと,3,2026-10-01
があると思うな,3,2026-10-01
誰にも負けない,3,2026-10-01
しないんだから,3,2026-10-01
に触れた者は,3,2026-10-01
