skeleton,count,example,作成日
名詞,248,「アイ・オヴ・ハーモニー。,2026-10-01
動詞,85,急げ！,2026-10-01
名詞 の 名詞,80,ドミナリア最古の邪悪。,2026-10-01
名詞 を 動詞,70,「城壁を閉じろ！,2026-10-01
名詞 だ,56,実験成功だ！,2026-10-01
名詞 は 動詞 た,45,』魔女は言った。,2026-10-01
名詞 は 名詞 を 動詞,36,緊張は苦痛を生む。,2026-10-01
動詞 て 動詞,28,座って読みなさい。,2026-10-01
名詞 よ,24,ルアゴイフよ！,2026-10-01
代名詞 は 名詞 だ,23,それは命だ。,2026-10-01
副詞,22,ドカッ！,2026-10-01
名詞 は 名詞 だ,22,命は永遠だ。,2026-10-01
名詞 動詞,22,そのまま撃て！,2026-10-01
動詞 な,20,あきらめるな。,2026-10-01
名詞 は 動詞,20,血は呼ぶ。,2026-10-01
名詞 は 名詞,19,腕前は飛び切り。,2026-10-01
名詞 に 動詞,18,光に従え。,2026-10-01
代名詞 は 名詞 を 動詞,18,お前は洞窟を頼む。,2026-10-01
名詞 の 名詞 だ,18,父の教えだ。,2026-10-01
名詞 の 名詞 に,18,「仰せのままに。,2026-10-01
名詞 は 名詞 の 名詞 だ,17,残りは重力のおかげだ。,2026-10-01
名詞 の 名詞 の 名詞,16,体毛の下の獰猛。,2026-10-01
名詞 は 形容詞,14,スリヴァーはこわい。,2026-10-01
名詞 が 動詞 た,14,」ドクターが答えた。,2026-10-01
名詞 を 動詞 名詞,14,問題を求める回答。,2026-10-01
名詞 と 名詞,13,光と闇。,2026-10-01
副詞 動詞,13,まず嘲り。,2026-10-01
動詞 名詞,13,掴み取るもの。,2026-10-01
動詞 て,13,「逃げて。,2026-10-01
形容詞,13,「いとしい、いとしい、いとしい！,2026-10-01
名詞 は 名詞 を 動詞 た,12,ヴェリックは息を止めた。,2026-10-01
名詞 に,12,絶対に。,2026-10-01
名詞 動詞 な,12,「バカ言うな。,2026-10-01
名詞 を 名詞 動詞,12,「脳波移行プロトコルを開始する。,2026-10-01
名詞 を 動詞 て 動詞,12,衛兵、木槌を持って来い。,2026-10-01
代名詞 は 名詞,12,「私はウォッチャー。,2026-10-01
名詞 を 動詞 な,11,闇を恐れるな。,2026-10-01
名詞 は 名詞 の 名詞,11,攻撃は最大の防御。,2026-10-01
名詞 だ と,10,追放だと？,2026-10-01
名詞 は 動詞 ない,10,自然は歩まない。,2026-10-01
代名詞 は 名詞 の 名詞 だ,10,これはガイア自身の臍帯だ。,2026-10-01
名詞 に 名詞,10,「不死に乾杯。,2026-10-01
名詞 の 名詞 よ,10,「蛇の舌よ。,2026-10-01
接頭辞 名詞,10,不気味？,2026-10-01
名詞 は 名詞 動詞 た,10,「アーマーは装着した。,2026-10-01
名詞 へ と 動詞 名詞 は 名詞 に 動詞 て 動詞 れ て 動詞,10,連帯へと至る道は理解によって築かれている。,2026-10-01
動詞 た,9,「しまった！,2026-10-01
形容詞 名詞 だ,9,いい厄介払いだ。,2026-10-01
名詞 は 動詞 だ,9,』死者は叫んだ。,2026-10-01
名詞 は 名詞 を 動詞 て 動詞,9,ゴブリンは、スリスを恐れている。,2026-10-01
代名詞 は 代名詞 の 名詞 だ,9,それは俺のブーツだ！,2026-10-01
副詞 名詞,9,「キーキー野郎！,2026-10-01
名詞 の 名詞 を 動詞,8,夜のおばけを追っ払え。,2026-10-01
代名詞 の 名詞,8,こっちの傷？,2026-10-01
動詞 た ぞ,8,やったぞ！,2026-10-01
名詞 は 名詞 で 動詞,8,富は力である。,2026-10-01
名詞 は 副詞 動詞 た,8,」ドクターはそう答えた。,2026-10-01
形容詞 名詞 を 動詞,8,睡無き物を起こせ。,2026-10-01
名詞 に 名詞 を 動詞,8,只管に声を聞く。,2026-10-01
名詞 も 動詞,8,隠者も死す。,2026-10-01
名詞 動詞 て 動詞,8,「サッフィー、待ってくれ……。,2026-10-01
名詞 に は 名詞 が 動詞,8,上には上がいる。,2026-10-01
名詞 へ ようこそ,8,「完成へようこそ。,2026-10-01
名詞 だ よ,8,無理だよ。,2026-10-01
名詞 の 名詞 に 名詞 の 名詞,7,各々の中に山崩れの力有り。,2026-10-01
代名詞 を 動詞,7,「これを飲め。,2026-10-01
名詞 の 名詞 は 動詞,7,「『人の世は滅びる。,2026-10-01
名詞 は 名詞 の 名詞 に 動詞,7,火は食物連鎖の頂点にいる。,2026-10-01
動詞 が 形容詞,7,「死ぬがいい。,2026-10-01
名詞 は 名詞 の 形状詞 な 名詞 だ,7,希望は波のようなものだ。,2026-10-01
名詞 の 名詞 は 名詞,7,リスの大群、実は大軍。,2026-10-01
名詞 の 名詞 の 名詞 の 名詞,7,闇の要塞の、光のチャンピオン。,2026-10-01
名詞 の 名詞 が 名詞 の 名詞 を 動詞,7,一度の過失が、破壊の雪崩を解き放つ。,2026-10-01
名詞 は 動詞 まし た,7,』ヒルダは呟きました。,2026-10-01
代名詞 だ,7,こっちだ。,2026-10-01
名詞 の 名詞 は 名詞 の 名詞 を 動詞,7,竜の骨は永遠の生命をもたらす。,2026-10-01
形容詞 名詞,7,青い箱『ターディス』。,2026-10-01
名詞 に 動詞 て は 名詞,7,ミラディンにとっては爆弾。,2026-10-01
代名詞 は 名詞 よ,7,「あんたは幸せよ。,2026-10-01
名詞 は 名詞 の 名詞 を 動詞 た,7,龍火は多くの模倣を生み出した。,2026-10-01
名詞 を 動詞 の だ,7,務めを果たすのだ。,2026-10-01
名詞 は 名詞 で は 形容詞,7,「没我は弱点ではない。,2026-10-01
動詞 よ,6,「見よ！,2026-10-01
代名詞 が 名詞 だ,6,それが答えだ。,2026-10-01
代名詞 は 動詞 た,6,私は気づいた。,2026-10-01
名詞 は 名詞 の 名詞 を 動詞,6,直感は真の洞察を生む。,2026-10-01
副詞 名詞 だ,6,つまり、カブトガニだ。,2026-10-01
名詞 の 名詞 は 名詞 に 動詞,6,最後の贈り物は思い出にしよう。,2026-10-01
名詞 は 名詞 は 名詞,6,ゴミは内、宝は外。,2026-10-01
名詞 め,6,「愚か者め！,2026-10-01
接頭辞 名詞 の 名詞 は 名詞 を 名詞 動詞,6,第一の誕生は命を祝福する。,2026-10-01
その 名詞 は 名詞,6,その血は生命。,2026-10-01
名詞 は 代名詞 だ,6,次はお前だ。,2026-10-01
代名詞 は 名詞 から 動詞 て 動詞,6,彼は上から見つめている。,2026-10-01
名詞 を 名詞 に 動詞,6,守りを三倍に固めよ！,2026-10-01
名詞 が 動詞,6,脳が痛む。,2026-10-01
名詞 の 名詞 に 代名詞 を 動詞,6,答えの為にそを探す。,2026-10-01
名詞 の 名詞 に 動詞,6,霜剣山の心臓に申し上げる！,2026-10-01
代名詞 の 名詞 に 動詞,6,我々の合唱に参ぜなさい。,2026-10-01
名詞 が 名詞,6,存在が構造矛盾。,2026-10-01
形状詞 の 名詞,6,イチコロの身なり。,2026-10-01
代名詞 が 名詞 の 名詞 だ,6,これがラクドスの力だ。,2026-10-01
動詞 ぞ,6,食うぞ！,2026-10-01
名詞 が 名詞 だ,6,集中が鍵だ。,2026-10-01
名詞 は 名詞 の 名詞 で は 形容詞,6,軍旗は勝利の象徴ではない。,2026-10-01
副詞 形容詞,6,けっこうカワイイ。,2026-10-01
名詞 形状詞,6,ギルド不要。,2026-10-01
名詞 は 代名詞 の 名詞 だ,6,「炎は私の仲間だ。,2026-10-01
副詞 だ,6,もっとだ！,2026-10-01
代名詞 は 名詞 の 名詞,6,「これは母さんの分。,2026-10-01
形状詞 に,5,確かに。,2026-10-01
代名詞 は 名詞 を 動詞 た,5,「お前はジェラードを失った。,2026-10-01
名詞 の 名詞 は 名詞 の 名詞,5,一人の力は十人の勇気。,2026-10-01
名詞 に 動詞 て 動詞,5,自由にしてやりなさい。,2026-10-01
我が 名詞 は 名詞 の 名詞,5,我が意思は梢の広がり。,2026-10-01
名詞 の 名詞 に は 名詞 が 動詞,5,嵐のあとには静けさがある。,2026-10-01
名詞 も 名詞 も 動詞 ぬ,5,「石も意思も崩れ去りぬ。,2026-10-01
代名詞 が 動詞 て も だ,5,何があってもだ。,2026-10-01
形状詞 だ,5,「大丈夫だ！,2026-10-01
名詞 の 名詞 の 名詞 だ,5,「アカテンの輪のピラミッドだ。,2026-10-01
名詞 形容詞 名詞 を 動詞,5,識無き物を失くせ。,2026-10-01
名詞 や 名詞 の 動詞 名詞 から 代名詞 に は 名詞 が 動詞 た,5,宗教や文明の現れる前から、そこには秩序があった。,2026-10-01
名詞 は 形状詞 だ,5,鋼は頑丈だ！,2026-10-01
名詞 の 名詞 は 名詞 を 動詞,5,鼠の蟲使いは一人暮らしを好む。,2026-10-01
名詞 と 名詞 の 動詞 名詞,5,主権と肉体の集まるところ。,2026-10-01
名詞 か,5,無賃乗車か？,2026-10-01
名詞 に 名詞 は 形容詞,5,成長に限界は無い。,2026-10-01
名詞 を 動詞 名詞 を 動詞,5,「言葉を話す樹を恐れよ。,2026-10-01
名詞 の 名詞 を 動詞 て 動詞,5,次の囚人を連れて来い。,2026-10-01
名詞 は 名詞 な 名詞 を 動詞,5,死は邪悪な円を成す。,2026-10-01
名詞 と 名詞 を 動詞 た 名詞,5,本能と力を象った化身。,2026-10-01
名詞 形容詞,5,「素人臭い。,2026-10-01
名詞 です,5,「駄目です。,2026-10-01
動詞 て 動詞 な,5,「ついて来な。,2026-10-01
名詞 を,5,聖歌を。,2026-10-01
接頭辞 名詞 の 名詞 代名詞 の 名詞 は 名詞 の 名詞 に 動詞 て 動詞 名詞 だ,5,「ご存知の通り、我々の生命は絶滅の淵にぶら下がっている状態だ。,2026-10-01
名詞 ら が 代名詞 から 動詞 と 動詞 て 動詞 名詞 の 名詞 を 動詞 で は 形容詞 か,5,奴らが我々から奪おうとしている物の力を見せようではないか。,2026-10-01
形状詞 よ,5,綺麗よ。,2026-10-01
名詞 が 動詞 て 動詞,5,「敵が迫っている！,2026-10-01
名詞 で は 形容詞,5,死ではない。,2026-10-01
名詞 の 名詞 は 名詞 の 名詞 で 動詞,5,予言の代価は空白の眼窩である。,2026-10-01
名詞 を 名詞,5,「稲妻を少々。,2026-10-01
名詞 を 動詞 た,5,安静を勧めた。,2026-10-01
名詞 の 名詞 は 名詞 で 動詞,5,「エムラクールのお気に入りは一目でわかる。,2026-10-01
名詞 は 名詞 に 名詞 を 動詞 た,5,「御山はクラダクに炎を与えた。,2026-10-01
副詞 名詞 動詞 て 動詞,5,もう1回やってみよう。,2026-10-01
名詞 を 動詞 て,5,「気を付けて！,2026-10-01
代名詞 の 名詞 が 動詞,5,「我の時が来る。,2026-10-01
動詞 た の だ,5,思い出したのだ。,2026-10-01
代名詞 は 名詞 じゃ 形容詞,5,「これは脅しじゃない。,2026-10-01
名詞 か と,4,優雅かと？,2026-10-01
名詞 だ って,4,「模型だって？,2026-10-01
名詞 の 名詞 は 動詞 て 動詞,4,すべてのものは繋がっている。,2026-10-01
名詞 接頭辞 名詞,4,チビどもめ！,2026-10-01
代名詞 は 代名詞 が 名詞 に 動詞 られ ない 代名詞 を 動詞 て 動詞 の だ,4,お前は、私が手に入れられない何を持っているのだ？,2026-10-01
代名詞 に 動詞,4,「我に従え。,2026-10-01
ああ,4,「ああ！,2026-10-01
名詞 を 動詞 名詞 の 名詞 物,4,疲労を振り払う風の抽出物。,2026-10-01
名詞 が 動詞 名詞 は 形容詞,4,邪悪が消えることはない。,2026-10-01
名詞 を 動詞 よ,4,「船を棄てるよ！,2026-10-01
副詞 動詞 て 動詞,4,ともかくそう聞いている。,2026-10-01
名詞 は 名詞 を 動詞 ない,4,愚者は恐れを知らない。,2026-10-01
代名詞 の 名詞 を 名詞 動詞 名詞 は 形容詞,4,お前の秘密を全部奪うつもりはない。,2026-10-01
代名詞 は 名詞 の 名詞 を 動詞,4,「我々は疑問の種を植える。,2026-10-01
名詞 は 名詞 の 名詞 よ,4,火は世界共通の言語よ。,2026-10-01
代名詞 で 名詞 だ,4,「これで終わりだ。,2026-10-01
名詞 は 動詞 ぬ,4,結果は変わらぬ。,2026-10-01
代名詞 の 名詞 を 動詞,4,「お前の思考を守れ。,2026-10-01
名詞 の 名詞 動詞 名詞,4,「スランの浮遊する首都、ハルシオン。,2026-10-01
名詞 士 は 名詞 に 名詞 の 名詞 の 名詞 を 動詞 なく て は 動詞 ない の,4,「造り士は武器に自分の魂の一部を埋め込まなくてはならないの。,2026-10-01
代名詞 は 名詞 人 に は 動詞 ない 名詞 だ けど ね,4,これはファイレクシア人にはできない芸当だけどね。,2026-10-01
副詞 名詞 を 動詞,4,どう仕返しをしよう？,2026-10-01
名詞 を 動詞 名詞 も 動詞,4,持ち主を求める刃もある。,2026-10-01
代名詞 に 名詞 動詞 名詞 や 動詞,4,ここに塔あり、いまや落つ。,2026-10-01
名詞 動詞 ば 名詞 が 動詞 ぬ,4,二言知らば、妄執が起こりぬ。,2026-10-01
代名詞 の 名詞 は 名詞 を 動詞,4,彼女の怒りは天を裂く。,2026-10-01
名詞 の 名詞 は 動詞 た,4,」呪師の心臓は凍りついた。,2026-10-01
動詞 の だ,4,植えるのだ。,2026-10-01
名詞 の 名詞 を 名詞 に 動詞 た 名詞 が 動詞 か,4,ボロスの印鑑を手にしたことがあるか？,2026-10-01
名詞 は 名詞 の 名詞 で 動詞,4,正義は怒りの翼で飛び抜ける。,2026-10-01
代名詞 は 名詞 動詞 名詞,4,「我々は、天使いアシエン……。,2026-10-01
代名詞 ら に は 名詞 と 名詞 の 名詞 を 動詞 が 代名詞 名詞 は 副詞 動詞 ぬ,4,彼らには義務と誓約の思いを感じるが、それ以外はまったく感じぬ。,2026-10-01
副詞 名詞 に 動詞 名詞 を 動詞 て 動詞 形状詞 だ,4,まるで虚空に対する義務を貫いているようだ。,2026-10-01
名詞 の 動詞 名詞,4,腱の切れる音。,2026-10-01
名詞 と 代名詞 から 名詞 だ,4,肉と、それから卵だ。,2026-10-01
代名詞 の 名詞 を 名詞 の 名詞 と 動詞,4,お前の鼓動を谷間の雷鳴とせよ。,2026-10-01
名詞 は 動詞 名詞 に 動詞,4,ドラゴンは孵る前に倒せ。,2026-10-01
名詞 の 名詞 は 名詞 に 動詞 て 動詞,4,前兆読みの知識は伝説に達している。,2026-10-01
名詞 は 名詞 を 名詞 動詞 た,4,テフェリーは時間を提供した。,2026-10-01
名詞 動詞 名詞,4,殺到する復讐。,2026-10-01
名詞 の 名詞 は 形状詞 な 名詞 だ,4,新星の象形は強力な印だ。,2026-10-01
名詞 に 動詞 な,4,気にするな。,2026-10-01
代名詞 が 代名詞 の 名詞 の 名詞 だっ た,4,それが彼の最初の過ちだった。,2026-10-01
代名詞 が 名詞 を 動詞,4,私が教えを下そう。,2026-10-01
代名詞 の 名詞 に は 名詞 が 動詞,4,「お前の計画には穴がある。,2026-10-01
代名詞 の 名詞 は 名詞 に 名詞 だ,4,彼の判決は常に有罪だ。,2026-10-01
副詞 名詞 動詞,4,どうせみんな死ぬ。,2026-10-01
代名詞,4,あなた。,2026-10-01
名詞 の 名詞 に 動詞 名詞,4,「標本211の調査に関する報告。,2026-10-01
代名詞 の 名詞 は 名詞,4,彼の罪は沈黙。,2026-10-01
